{
    "startLogs": {
        "id": "",
        "token": ""
    },
    "shardLogs": {
        "id": "",
        "token": ""
    },
    "errorLogs": {
        "id": "",
        "token": ""
    },
    "dmLogs": {
        "id": "1085864550009679932",
        "token": "jymY7w78URbkW3ui9VPjNH8VxS1PSueHYLW5flwsx_2yD4X1IV_2us225PGNKi8MGDi4"
    },
    "voiceLogs": {
        "id": "",
        "token": ""
    },
    "serverLogs": {
        "id": "",
        "token": ""
    },
    "serverLogs2": {
        "id": "",
        "token": ""
    },
    "commandLogs": {
        "id": "",
        "token": ""
    },
    "consoleLogs": {
        "id": "",
        "token": ""
    },
    "warnLogs": {
        "id": "",
        "token": ""
    },
    "voiceErrorLogs": {
        "id": "",
        "token": ""
    },
    "creditLogs": {
        "id": "",
        "token": ""
    },
    "evalLogs": {
        "id": "",
        "token": ""
    },
    "interactionLogs": {
        "id": "",
        "token": ""
    }
}